movie,year,type,time
"Dawn Rider, The",1996,Western,70269171
Deliverance Creek,2004,Drama,154271168
Accident,2009,Crime|Drama,430109596
Roman Polanski: Wanted and Desired,1998,Documentary,341995770
How to Train Your Dragon 2,2012,Action|Adventure|Animation,248436436
Babylon 5: The Lost Tales - Voices in the Dark,2000,Sci-Fi,169002196
Millennium Actress (Sennen joyû),1995,Animation|Drama|Romance,86105875
Robinson Crusoe on Mars,1992,Sci-Fi,261106835
Clubbed,2004,Action|Crime|Drama,433503114
"Kentuckian, The",1993,Drama|Western,156309641
Bootmen,2010,Comedy|Drama,428654006
"Keeper, The",2011,Action|Crime|Thriller,111726503
Mutant Action (Acción Mutante),2005,Action|Comedy|Sci-Fi,11179231
Run If You Can,1995,Drama,247043718
"Goodbye Girl, The",2004,Comedy|Romance,225398422
Ce que mes yeux ont vu,2003,Drama|Mystery|Thriller,420400541
God's Gun,1997,Western,248623934
Blind Justice (Hævnens nat),2002,Drama|Mystery|Thriller,185518074
"Interrupters, The",2011,Documentary,84779092
"Hills Run Red, The",2006,Horror,284087766
"Flim-Flam Man, The",2006,Action|Adventure|Comedy,125915387
"River Called Titas, A (Titash Ekti Nadir Naam)",2007,Drama,15687225
Grand Tour: Disaster in Time (Timescape),1998,Children|Sci-Fi,216061693
Phenomena (a.k.a. Creepers),2006,Horror|Mystery|Thriller,256224828
"Station, The (Blutgletscher)",1998,Horror,20676139
My Beautiful Laundrette,2008,Drama|Romance,287465088
"More the Merrier, The",1997,Comedy|Romance,61742378
55 Days at Peking,1970,Drama|War,427516820
Oliver!,2005,Drama|Musical,404633851
Luke and Lucy: The Texas Rangers (Suske en Wiske: De Texas rakkers),2005,Adventure|Animation|Comedy|Western,39888791
Dracula,2012,Horror,274835730
Catwoman,2000,Action|Crime|Fantasy,126734397
"Bottom of the Sea, The (El fondo del mar)",1997,Drama|Thriller,433984623
Daughter of the Nile (Ni luo he nu er),2011,Drama,321763108
Andrei Rublev (Andrey Rublyov),1999,Drama|War,395088252
"Black Coal, Thin Ice (Bai ri yan huo)",2001,Crime|Drama|Mystery|Thriller,429098516
Kawasaki's Rose ,2010,Drama,291415506
Playing God,2000,Crime|Drama|Thriller,390395403
Hadewijch,1992,Drama,128447712
Carrie,1985,Drama|Fantasy|Horror|Thriller,313927139
Drunken Tai Chi (Siu taai gik),1994,Action|Comedy,131921582
Vuonna 85,2010,Comedy,114211611
Identity Thief,2000,Comedy|Crime,263896893
"Last Tycoon, The",1999,Drama|Romance,403143145
Miss Castaway and the Island Girls,1997,Adventure|Comedy|Fantasy,386089495
The Forgotten Faces,2005,(no genres listed),134123519
"Masquerade (Gwanghai, Wangyidoen namja)",2003,Drama,426015509
Meatballs Part II,1999,Comedy,200938748
Garfield's Fun Fest,1993,Animation|Children|Comedy|Fantasy,147300325
"Sick: The Life & Death of Bob Flanagan, Supermasochist",2010,Documentary,253427425
"Summer Hours (Heure d'été, L')",1998,Drama,123690285
Tin Man,2005,Adventure|Fantasy|Sci-Fi,275840637
Mostly Martha (Bella Martha),2006,Comedy|Drama|Romance,301792547
"Young and the Damned, The (Olvidados, Los)",2003,Crime|Drama,425667444
Dying Young,1999,Drama|Romance,316178907
"Wild Bees, The (Divoké vcely)",1987,Comedy|Drama,309136664
"Officer and a Gentleman, An",2002,Drama|Romance,190986764
"Three Musketeers, The",1998,Action|Adventure|Drama|Romance,88275548
"Great Train Robbery, The",1973,Crime|Western,262646191
"Nada Gang, The (Nada)",2009,Thriller,39179330
Prairie Fever,2000,Action|Western,177555900
Captive Heart: The James Mink Story,1994,Drama,202112565
"Laugh, Clown, Laugh",2005,Drama,146197383
Tomorrow Never Dies,1998,Action|Adventure|Thriller,192922062
Brewster's Millions,2006,Comedy,251651735
"Tiger Brigades, The (Les brigades du Tigre)",1966,Action|Adventure|Crime,59899683
Original Gangstas,1999,Crime,363188019
Ten Minutes Older: The Trumpet,2005,Drama,350624406
"Good Time Girls, The (Bonnes femmes, Les)",2001,Drama|Mystery|Romance,22641088
"Dead Calling, A",2011,Horror,275964100
Houdini,1999,Drama,49328809
It's a Gift,2008,Comedy,58392713
"Crying Out Love in the Center of the World (Sekai no chûshin de, ai o sakebu)",2000,Drama|Romance,311142513
Lincz,2012,Drama|Thriller,309436897
"Shawshank Redemption, The",2004,Crime|Drama,87780606
Trust the Man,1992,Comedy|Drama|Romance,358685507
"Five-Year Engagement, The",1999,Comedy|Romance,65541859
Mortdecai,2002,Adventure|Comedy,328550672
Dead & Breakfast,1972,Comedy|Horror|Musical,159225785
Damned the Day I Met You,2010,Comedy,107585855
"Vida precoz y breve de Sabina Rivas, La (Precocious and Brief Life of Sabina Rivas, The)",2004,Adventure|Drama|Romance,287550865
Legend,2004,Adventure|Fantasy|Romance,40317477
"Hunt for Red October, The",2008,Action|Adventure|Thriller,307511701
Joan Rivers: A Piece of Work,1995,Documentary,350519006
Raid on Rommel,2002,War,274019664
Little Darlings,2001,Drama,84547559
Jekyll & Hyde... Together Again,2001,Comedy|Sci-Fi,111097760
Thirteen Women,2002,Drama|Mystery,172668567
"Rainmaker, The",2004,Drama,160801317
Fighting,1990,Action|Drama,175370417
Blue Sky,2010,Drama|Romance,290837040
Yellowbeard,2000,Action|Adventure|Comedy,250540678
Charlotte Gray,2004,Drama|Romance,254089468
Dark Alibi,2011,Crime|Drama|Mystery|Thriller,271867975
Conan the Destroyer,1995,Action|Adventure|Fantasy,295544475
Child of God,1993,Crime|Drama|Thriller,163943138
"Thin Red Line, The",1967,Action|Drama|War,386724245
"Inevitable Defeat of Mister & Pete, The",1993,Drama,58939446
Pretty Woman,2012,Comedy|Romance,427245397
Plutonium Circus,2006,Documentary,24447590
Five Days One Summer,2011,Drama,288863680
"Like Father, Like Son (Soshite chichi ni naru)",2010,Drama,221237844
Aimée & Jaguar,2009,Drama|Romance|War,40959055
"Myth of Fingerprints, The",2000,Comedy|Drama,114532328
Toute la mémoire du monde,1991,Documentary,333628424
Justin and the Knights of Valour,1996,Adventure|Animation,376920750
Ex-Lady,2004,Comedy|Drama,229370216
Auggie Rose (a.k.a. Beyond Suspicion),1992,Drama|Mystery|Thriller,283371839
Giant,2006,Drama|Romance|Western,271529736
Nighthawks,1992,Action|Drama,110897891
Crimson Gold (Talaye sorgh),1987,Drama,41796462
Jesus Henry Christ,2010,Comedy,124098179
Timeline,2009,Action|Adventure|Sci-Fi,424048526
Jump Tomorrow,2011,Comedy|Drama|Romance,32187265
"Back-up Plan, The",2003,Comedy|Romance,340002227
"Grey Fox, The",1993,Romance|Western,221995053
Perfume,2000,Comedy|Drama,68029907
Ready to Rumble,1985,Comedy,224548270
Borrowed Time,2006,Drama,65998726
Foosball (Metegol),2009,Adventure|Animation|Romance,17391864
[REC],1986,Drama|Horror|Thriller,121173553
Europa Europa (Hitlerjunge Salomon),2006,Drama|War,51779179
Wit,2011,Drama,103430508
"Family, The (Famiglia, La)",1982,Drama|Musical|Romance,169958888
City of Hope,2006,Drama,61541875
Cry Freedom,2002,Drama,307432710
"Hand, The",2000,Drama|Horror,14057502
Premium Rush,2012,Action|Thriller,161129511
Finding Nemo,2001,Adventure|Animation|Children|Comedy,414653950
Outer Space,2009,Animation|Horror,197528477
Fright Night 2: New Blood,1994,Horror,227437022
Charlie Chan in Panama,1997,Adventure|Comedy|Crime|Drama|Mystery|Thriller,31250184
Mad Hot Ballroom,2008,Children|Documentary,439454494
"Big Snit, The",2000,Animation|Comedy,373066112
Special Mission Lady Chaplin,2001,Action|Adventure,224421168
Paris Was a Woman,2011,Documentary,245662022
"Romantic Englishwoman, The",2008,Comedy|Drama,154379578
Her Master's Voice,2009,Comedy|Documentary,193852472
"Yakuza, The",2001,Drama,170823643
Yeti: The Giant of the 20th Century,1997,Adventure|Fantasy,414293878
Bomb the System,2004,Action|Drama,310392636
Waterland,2004,Drama,266614128
Missionary Man,1991,Action|Drama|Thriller|Western,100297932
"Miracle of Morgan's Creek, The",2005,Comedy|Romance,121132116
Under Our Skin,2010,Documentary,416963557
Nightcrawler,1986,Crime|Drama|Thriller,120775628
A Merry Friggin' Christmas,2007,Comedy,176428140
Epidemic,2006,Drama|Horror|Thriller,41278787
Dracula,2012,Horror|Romance,322281216
"3, 2, 1... Frankie Go Boom (Frankie Go Boom)",1972,Comedy,348950225
"Whip and the Body, The (Frusta e il corpo, La)",2000,Horror,448926449
"Tale of Two Sisters, A (Janghwa, Hongryeon)",2001,Drama|Horror|Mystery|Thriller,257306536
"Devil at 4 O'Clock, The",2010,Drama,148151449
Crips and Bloods: Made in America,2000,Documentary,67878380
Johnny Be Good,2010,Comedy,65078927
"Trail Beyond, The",2005,Action|Adventure|Western,59381765
"Fall of the House of Usher, The (chute de la maison Usher, La)",2011,Drama|Horror,4844854
"O Brother, Where Art Thou?",2010,Adventure|Comedy|Crime,151753415
"Nosferatu (Nosferatu, eine Symphonie des Grauens)",1993,Horror,400814605
Delta of Venus,2012,Drama,419088384
"Buffalo Bill and the Indians, or Sitting Bull's History Lesson (a.k.a. Buffalo Bill and the Indians)",2012,Comedy|Western,211925789
Ice Age,2010,Adventure|Animation|Children|Comedy,384362397
My Best Friend (Mon meilleur ami),1989,Comedy,421055204
"Battle of Britain, The (Why We Fight, 4)",1995,Documentary|War,55512626
It's a Small World,2012,Comedy,287488460
My Piece of the Pie (Ma part du gâteau),2001,Comedy|Drama,60840181
Crime Wave,1994,Crime|Drama|Film-Noir,37431621
Hour of the Wolf (Vargtimmen),2008,Drama|Horror,281495782
"Experts, The",1999,Comedy,420723884
Zero Charisma,2007,Comedy|Drama,161016243
Treed Murray,1993,Drama,317035847
Home Sweet Hell,1993,Comedy|Drama,322470671
Monsieur Ibrahim (Monsieur Ibrahim et les fleurs du Coran),2002,Drama,30512579
With Fire and Sword (Ogniem i mieczem),2008,Adventure|Crime|Drama|Romance|War,365797884
SSSSSSS,1999,Horror|Sci-Fi,107083106
Right Now (À tout de suite),1993,Crime|Drama|Romance|Thriller,335090038
Kiss Me Kate,2002,Comedy|Musical|Romance,218025472
Female Vampire (Les avaleuses) (Erotic Kill),2003,Horror,225797904
August,1998,Drama,305284673
Phantasm III: Lord of the Dead,1985,Horror,41643494
Tabloid,2011,Documentary,366636089
Summer House,2006,Drama,122249479
Almost You,2006,Comedy|Drama,64989666
American Hustle,2006,Crime|Drama,177777546
We're No Angels,2011,Comedy|Crime,38584082
After Innocence,2013,Crime|Documentary,412901573
"Golden Child, The",2004,Action|Adventure|Comedy|Fantasy|Mystery,283934745
Rocker,1994,Action|Crime|Drama,54343926
Medicine Man,1994,Adventure|Romance,211610240
"Last Taboo, The",2004,Documentary,410893635
"Grass Harp, The",1998,Comedy|Drama,140693858
"Decline of the American Empire, The (Déclin de l'empire américain, Le)",2010,Comedy|Drama,12184367
"War of the Worlds, The",2009,Action|Drama|Sci-Fi,27859557
Ca$h,2013,Crime|Thriller,405379604
George Washington Slept Here,1999,Comedy,65679587
"Rita, Sue and Bob Too!",2001,Comedy|Drama,396821036
Block-Heads,2002,Comedy|War,124710527
Viagem a Portugal,1988,Drama|Romance,177891478
Imitation of Life,1986,Drama|Romance,407183131
Lord of Tears,2004,Drama|Horror,367005527
Gia,2007,Drama|Romance,174947655
Perfume,2006,Comedy|Drama,244328678
The Two Policemen,2004,Comedy,224308822
Elizabeth,2009,Drama,39639212
Haunted Echoes,2005,Thriller,226095927
Ixcanul Volcano,2011,(no genres listed),195949930
K.G. (Karate Girl),1969,Action,206842820
International House,2009,Comedy,111866359
Saps at Sea,2002,Comedy,383175926
Careful,2007,Comedy|Horror,394574847
Americano,2011,Drama,394954949
Encounters at the End of the World,2000,Documentary,409434110
"Medallion, The",1990,Action|Comedy|Crime|Fantasy,56536215
Hollywood Ending,2001,Comedy|Drama,419651517
All Tomorrow's Parties,2009,Documentary|Musical,38721377
"Ring Finger, The (L'annulaire)",1966,Drama,271069371
Harvest (Stadt Land Fluss),2005,Drama|Romance,375383470
Hi Tessa (Czesc Tereska),2006,Drama,238909372
"Day of the Beast, The (Día de la Bestia, El)",2006,Adventure|Comedy|Thriller,380523268
True Heart,2008,Adventure|Children|Drama,92067100
Fast Times at Ridgemont High,2006,Comedy|Drama|Romance,251498091
Tuff Turf,1993,Drama,383157291
Is Anybody There?,1967,Drama,97517291
Boy (Shônen),2000,Drama,141993774
Mutant Chronicles,1996,Action|Adventure|Sci-Fi,365733078
The Gruffalo's Child,2009,Adventure|Animation|Children|Fantasy,146359249
Concrete Night (Betoniyö),2008,Drama,13447835
Challenge to Lassie,1986,Children|Drama,318555507
Seas Beneath,1998,Action|Drama|War,89926143
Apnea (Apnoia),2005,Drama,218714074
¡Three Amigos!,2010,Comedy|Western,102315715
Lincoln,2002,Drama|War,357030648
Antique (Sayangkoldong yangkwajajeom aentikeu),2010,Comedy|Drama,27581930
Don't Eat the Pictures: Sesame Street at the Metropolitan Museum of Art,2010,Children,395590504
Bring on the Night,2005,Documentary|Musical,77537567
"Young Master, The (Shi di chu ma)",2007,Action|Comedy,111508548
"Little Romance, A",2002,Comedy|Romance,219578516
Kamikaze Girls (Shimotsuma monogatari),1999,Comedy,404780052
"Minion, The",2008,Action|Fantasy|Horror,354123750
"Yes Men, The",1991,Documentary,420145276
Go West,2003,Comedy|Musical|Western,426059963
Mean Creek,1999,Drama|Thriller,442815714
Social Genocide (Memoria del saqueo),1992,Documentary,433273016
Hellgate,1987,Horror|Thriller,43796521
Ali: Fear Eats the Soul (Angst essen Seele auf),2002,Drama|Romance,137520558
In Football We Trust,2002,Documentary,43459949
i hate myself :),1995,Comedy|Documentary|Drama,56434533
Hostile Witness,1989,Drama,361027848
"Lady, The",2002,Drama,86059797
Jane Austen's Mafia!,2005,Comedy|Crime,134035657
Falcon Rising,1995,Action|Adventure,266747842
Swimming Pool,2002,Drama|Mystery|Thriller,431999232
"6th Day, The",1989,Action|Sci-Fi|Thriller,297093872
Quiet Flows the Don (Tikhiy Don),2009,Drama|War,387353497
All Dogs Go to Heaven 2,2004,Adventure|Animation|Children|Fantasy|Musical|Romance,110907677
My Baby's Daddy,1993,Comedy,19846824
Phantasm III: Lord of the Dead,2012,Horror,14454850
"King's Speech, The",2002,Drama,340094274
"Herod's Law (Ley de Herodes, La)",2009,Comedy|Crime|Mystery,121893568
"Lift, De",2004,Horror|Thriller,321542367
"Civil War, The",2006,Documentary|War,194483458
Caravaggio,1992,Drama,209631333
"Awful Truth, The",1988,Comedy|Romance,372726065
Godzilla,2003,Action|Sci-Fi|Thriller,390315292
"Allnighter, The",1996,Comedy|Romance,49957386
Things to Do in Denver When You're Dead,2004,Crime|Drama|Romance,424966691
Swiss Family Robinson,2008,Adventure|Children,162128423
Kisses (Kuchizuke),2008,Drama|Romance,401642614
Once Upon a Forest,1985,Adventure|Animation|Children|Fantasy,166306909
"Almost Man, The (Mer eller mindre mann)",1984,Comedy|Drama,200518601
Stop! Or My Mom Will Shoot,1993,Action|Comedy,169272089
"Opportunists, The",2005,Comedy|Crime|Drama,415397481
"Twelve Tasks of Asterix, The (Les douze travaux d'Astérix)",1965,Action|Adventure|Animation|Children|Comedy|Fantasy,354353081
Armageddon 2012,2002,Sci-Fi,389677077
Darling Companion,1990,Drama,261372637
Woyzeck,1998,Drama,100635513
Zulu,2006,Action|Drama|War,263884982
Transamerica,2009,Adventure|Comedy|Drama,358863770
Doomsday Prophecy,2003,Action|Sci-Fi|Thriller,80931504
Watching the Detectives,1999,Comedy|Romance,291802660
Six Shooter,1997,Comedy|Drama,202868068
Something from Nothing: The Art of Rap,1994,Documentary|Musical,429390753
Middle of Nowhere,2005,Comedy|Drama,338604995
Shadow of the Holy Book (Pyhän kirjan varjo),1999,Documentary,121954985
"Song for Martin, A (Sång för Martin, En)",1987,Drama,231275378
"Better Tomorrow III: Love and Death in Saigon, A",2003,Action|Thriller|War,163594654
Appointment with Death,2001,Crime|Mystery,4991283
Bye Bye Brazil (Bye Bye Brasil),1996,Drama,210009041
Innocence,2007,Drama|Fantasy|Mystery,452701044
"Nasty Girl, The (schreckliche Mädchen, Das)",2010,Comedy|Drama,161453282
My Mom Is a Character (Minha Mãe é uma Peça: O Filme),1991,Comedy,227582939
Odd Thomas,2009,Drama|Fantasy|Mystery|Thriller,150974535
Age of Uprising: The Legend of Michael Kohlhaas (Michael Kohlhaas),2003,Drama,17271670
Just Like Me (Igualita a Mi),2002,Comedy|Romance,405329257
Of Unknown Origin,1992,Horror,23127755
"Hudsucker Proxy, The",2006,Comedy,210446657
10,2012,Comedy|Romance,361027137
"Homem Que Desafiou o Diabo, O",1992,Comedy,6537009
"Beast, The (La bête)",2001,Drama|Fantasy|Horror|Mystery|Romance,83697269
Three Little Words,2008,Comedy|Musical|Romance,378682088
Stitches,1995,Comedy|Horror,384119551
B.F.'s Daughter,1993,Drama|Romance,163195498
"Fast Runner, The (Atanarjuat)",2005,Drama|Fantasy,152439400
Deadline at Dawn,2008,Film-Noir|Mystery|Romance|Thriller,42886060
Nobody's Fool,1989,Comedy|Romance,443807218
Dolan's Cadillac,1993,Crime|Thriller,89209252
Extreme Ops,1998,Action|Adventure|Crime|Thriller,276747760
Double Confession,1996,Crime|Drama,368000456
Papadopoulos & Sons,1996,Comedy|Drama,218961276
My Life in Orange (Sommer in Orange),2006,Comedy,286397100
"Hobbit: An Unexpected Journey, The",1996,Adventure|Fantasy|IMAX,12192279
"Americanization of Emily, The",1996,Comedy|Drama|War,248473134
Lambada,1992,Drama,24845170
Passchendaele,2006,Action|Drama|Romance|War,52662298
Mr. Nanny,1994,Action|Children|Comedy,385264136
"Play It Again, Sam",2010,Comedy|Romance,401008691
Micmacs (Micmacs à tire-larigot),2002,Comedy|Crime,354318807
On My Way (Elle s'en va),1987,Comedy|Drama,138844
Urgh! A Music War,2001,Documentary,316781716
Word Wars,2011,Comedy|Documentary|Drama,376107346
Blue Car,2009,Drama,154307982
"Oh, God! You Devil",2006,Comedy,342496200
Heads,1994,Comedy|Crime,60986520
Lords of Dogtown,1974,Action|Comedy|Drama,50734075
One Nite In Mongkok (Wong gok hak yau),1991,Action|Crime|Drama,73593494
Beethoven's 5th,1997,Adventure|Children|Comedy,427615021
16 Years of Alcohol,2008,Drama,232252625
Without a Paddle: Nature's Calling,2002,Adventure|Comedy,306814208
"Birds, the Bees and the Italians, The (Signore & signori)",1987,Comedy,264561799
"Aerial, The (La antena)",2005,Adventure|Fantasy|Film-Noir|Mystery|Sci-Fi,288304159
Man Bites Dog (C'est arrivé près de chez vous),2009,Comedy|Crime|Drama|Thriller,350552056
Spider Forest (Geomi sup),1986,Drama|Horror|Mystery|Thriller,380354370
Garage Days,2006,Comedy|Musical,217781015
Camila,2000,Drama|Romance,432036037
Lock Up,2011,Action|Adventure|Crime|Drama|Thriller,5451731
"Bon Cop, Bad Cop",1993,Action|Comedy|Crime|Thriller,140469986
Amador,1998,Drama,252733879
"Play It Again, Sam",1989,Comedy|Romance,88546178
Shade,2009,Crime|Drama|Thriller,245931415
K2,1958,Adventure|Drama,398344185
Cleanflix,2000,Crime|Documentary,345046858
IMAX: Hubble 3D,2003,Documentary|IMAX,105101016
"First Deadly Sin, The",2011,Thriller,279228363
"Eye Above the Well, The (Het oog boven de put)",1994,Documentary,251821174
Life of Crime,2006,Comedy|Crime,74385352
Piled Higher and Deeper,2001,Comedy,236440044
Dolphin Tale 2,2001,Children|Drama,41838903
Our Mother's House,2004,Drama|Thriller,173144583
Comic Book Confidential,2009,Documentary,416495066
Werner Herzog Eats His Shoe,1995,Documentary,346758637
Date with an Angel,1996,Comedy|Fantasy|Romance,363268910
Catfish in Black Bean Sauce,2003,Comedy|Drama,394636780
Princess Ka'iulani,2008,Drama|Romance,88406451
Pekka ja Pätkä neekereinä,2000,Comedy,432319048
"Detective, The (C+ jing taam)",1997,Drama|Mystery|Thriller,202534188
Sea of Love,2002,Crime|Drama|Thriller,186319629
My Kid Could Paint That,1997,Documentary,304590135
Smile,1994,Comedy,310521712
The Night That Panicked America,1995,(no genres listed),58012356
Promised Land,1957,Drama,393589262
Lawless Range,2008,Western,390975122
Tales of Manhattan,2011,Comedy|Drama,423088824
Presumed Innocent,1992,Crime|Drama|Thriller,195806146
There's Only One Sun,2006,Drama,333028281
"Grave, The",2006,Comedy|Horror|Thriller,16980881
Twixt,1990,Horror|Thriller,1606629
Amistad,1968,Drama|Mystery,168113142
Bowling for Columbine,1994,Documentary,17521618
"Day the Fish Came Out, The",1996,Comedy|Sci-Fi,163853814
4 Little Girls,2004,Documentary,428628888
Mobsters,2002,Crime|Drama,152971424
Scarlet Street,1998,Film-Noir,372936104
Knuckleball!,1992,Documentary,34831553
Private Lessons (Élève libre),1985,Drama,445482225
"Sherlock Holmes in Pearl of Death (Pearl of Death, The)",1989,Crime|Horror|Mystery|Thriller,327851866
"Hour of the Furnaces, The (Hora de los hornos, La)",1997,Documentary|War,207278265
Rango,2013,Action|Adventure|Animation|Children|Comedy|Western,327282281
Set Me Free (Emporte-moi),1986,Drama,445385324
Edward Scissorhands,2012,Drama|Fantasy|Romance,197775549
Jesus Henry Christ,1985,Comedy,141208756
Cure,1993,Crime|Horror|Thriller,423042280
"Man Who Never Was, The",2012,Drama|War,289679189
Mahakaal (The Monster),2004,Horror,309179550
Special Mission Lady Chaplin,2005,Action|Adventure,87106397
"Tiger from Tjampa, The (Harimau Tjampa)",2009,Drama,151379771
Coco Before Chanel (Coco avant Chanel),2004,Drama,87289493
I'm with Lucy,1998,Comedy|Romance,81940833
A Mulher Invisível,1992,Comedy,312626896
Never Weaken,1991,Comedy|Thriller,303511445
There's Only One Sun,2005,Drama,154554284
Corto Maltese in Siberia (Corto Maltese - La cour secrète des Arcanes),2005,Adventure|Animation|Drama|Romance|War,155312609
Evil Bong,2012,Comedy|Horror,226694357
"Summer Hours (Heure d'été, L')",2010,Drama,172611574
In Time,1987,Crime|Sci-Fi|Thriller,366550798
Jacknife,1983,Drama,262471249
"Prime of Miss Jean Brodie, The",2011,Drama,429884711
Joe,2003,Drama,136634261
"Last Godfather, The",2008,Comedy,263161714
Pooh's Grand Adventure: The Search for Christopher Robin,2009,Adventure|Animation|Children|Musical,19430688
Fat Kid Rules the World,2002,Comedy,99517361
Global Metal,2009,Documentary,104699658
White Mischief,2005,Crime|Drama|Romance|Thriller,107841736
Broadcast News,2003,Comedy|Drama|Romance,90385534
"Taxing Woman, A (Marusa no onna)",1960,Comedy,216202776
Crossworlds,1998,Action|Comedy|Sci-Fi,444920729
I Want You,1992,Crime|Drama|Romance,316110704
Reel Rock 8 ,2011,Documentary,16734613
Faithless (Trolösa),2004,Drama|Romance,126325612
Brother of Sleep (Schlafes Bruder),1992,Drama,382968846
Reykjavik Whale Watching Massacre,2005,Comedy|Horror,67197700
Oh! What a Lovely War,2012,Musical|War,170807210
Vietnam in HD,1996,War,126785990
Four Heads Are Better Than One (Un homme de tête),1996,Fantasy,103285709
"Friends, The (Les Amis)",1993,Drama,75057895
Makai Tensho: Samurai Reincarnation (Makai tenshô),2008,Action|Fantasy|Horror,194436284
Dr. No,2011,Action|Adventure|Thriller,57452288
"Poker House, The",2008,Drama,437183334
Botched,1993,Comedy|Crime|Horror|Thriller,203889022
"Night at the Opera, A",1994,Comedy|Musical|Romance,177142840
Pay or Die,2002,Crime,199722253
"Reader, The",1998,Drama|Romance,426432550
Fletch Lives,1995,Comedy,384507432
Dirty Dancing: Havana Nights,1986,Romance,395154342
Birds of America,2008,Comedy|Drama,9122491
Wedlock,2009,Action|Crime|Drama|Sci-Fi|Thriller,234063842
"Sniper, The",1994,Crime|Drama|Film-Noir|Thriller,29503988
David and Lisa,2004,Drama,14646243
Tomie: Unlimited,1993,Horror,431027686
Bring It On: Fight to the Finish,1992,Comedy,122946556
"Birds, the Bees and the Italians, The (Signore & signori)",1992,Comedy,103887004
Print the Legend,1998,Documentary,225642079
"Mystery, Alaska",2007,Children|Comedy,395586185
Passion of Mind,2004,Drama|Mystery|Romance,51181793
"Rimini, Rimini: A Year Later",1996,Comedy,227107896
Blood of the Vampire,2001,Horror|Sci-Fi,404233770
Yankee Doodle Dandy,1992,Drama|Musical,351570787
King Arthur,1993,Action|Adventure|Drama|War,197091321
La Morte Rouge,2008,(no genres listed),3516499
Stardust,2001,Adventure|Comedy|Fantasy|Romance,356576449
Blinkity Blank,1989,Animation,273128825
"Apple Dumpling Gang, The",1992,Children|Comedy|Western,182092654
Confessions of a Window Cleaner,2006,Comedy,206020035
"Return of Doctor X, The",1992,Horror|Mystery|Sci-Fi|Thriller,440164913
"Dark Backward, The",1967,Comedy,247290275
Manufacturing Consent: Noam Chomsky and the Media,1992,Documentary|War,305257861
"Scarlet Dove, The (Tulipunainen kyyhkynen)",2006,Drama|Mystery|Thriller,184934019
Under the Boardwalk: The Monopoly Story,2005,Documentary,4816355
Strange Magic,2004,Animation|Children|Fantasy,406266101
Limuzins Janu nakts krasa,2007,Comedy|Drama,183294241
For Neda,2000,Documentary,201481186
Autopsy,2009,Horror,413434188
"Barber of Siberia, The (Sibirskij tsiryulnik)",2009,Drama|Romance,138063501
Love's Kitchen,1999,Comedy|Drama|Romance,422296171
Mary and Max,2005,Animation|Comedy|Drama,126708871
Dark Floors,1993,Fantasy|Horror,242615796
Call Me Kuchu,2010,Documentary,77578871
Divorce American Style,1993,Comedy,199046729
Tour De Force (Hin und weg),2005,Drama,121751624
"Broken Circle Breakdown, The",2007,Drama,409093787
Kiss Me Kate,2007,Comedy|Musical|Romance,276291769
"Wicker Man, The",2000,Horror|Mystery|Thriller,279169497
Careful,2005,Comedy|Horror,156294715
Sarafina!,2002,Drama,149353121
Cheech & Chong's Next Movie,1998,Comedy,437541208
"Adventures of Prince Achmed, The (Abenteuer des Prinzen Achmed, Die)",2008,Adventure|Animation|Fantasy|Romance,191044565
Miracle at St. Anna,1994,Drama|Mystery|War,355350575
Birdy,2003,Drama|War,423478374
Pittsburgh,2008,Drama,415300847
"Racket, The",2006,Crime|Film-Noir,437709959
Jumper,1998,Action|Adventure|Drama|Sci-Fi|Thriller,261896836
Des roses en hiver,1990,Drama,12323018
Space Cowboys,2000,Action|Adventure|Comedy|Sci-Fi,270568068
Summer Rental,2012,Comedy,67314144
The Inhabited Island,2012,Fantasy|Sci-Fi,435454887
Before I Self Destruct,2003,Drama,147136807
Gone,2002,Drama|Thriller,263485134
Severe Clear,2006,Comedy|Documentary,87226956
Love in Another Language (Baska Dilde Ask),1997,Drama|Romance,35039051
Shamus,1995,Crime|Mystery,71959381
"Girl Next Door, The",1995,Documentary,291443925
Farewell to Matyora,2007,Drama,408740550
Cargo,1991,Action|Drama|Fantasy|Horror,212470171
Burlesque,1997,Drama|Musical|Romance,394516114
Reindeer Games,1985,Action|Thriller,10975417
"Laughing Policeman, The",2008,Crime|Drama|Thriller,373515541
Thunderbirds,1993,Action|Adventure|Fantasy|Sci-Fi,172569970
"Whales of August, The",2006,Drama,268319104
100 Feet,1995,Horror|Thriller,243405119
Glitterbug,2006,(no genres listed),184210359
A Coming-Out Party,2005,Comedy|Drama,97016669
Prom Night III: The Last Kiss,1998,Horror,327105070
"Leopard, The (Gattopardo, Il)",2013,Drama|War,419763412
Sleepless in Seattle,2012,Comedy|Drama|Romance,405949421
Once Upon a Forest,1992,Adventure|Animation|Children|Fantasy,218537719
I Always Wanted to Be a Gangster (J'ai toujours rêvé d'être un gangster),1996,Comedy|Crime|Drama,325665855
Smart People,1985,Comedy|Drama|Romance,179713977
"Personal Journey with Martin Scorsese Through American Movies, A",1993,Documentary,340292889
To Live (Huozhe),1996,Drama,128396361
Larks on a String (Skrivánci na niti),2002,Comedy|Drama|Romance,397477993
Touchy Feely,2008,Drama,57141403
"Wonderful Crook, The (Pas si méchant que ça)",2005,Crime|Drama|Romance,65360761
"Glass-blower's Children, The (Glasblåsarns barn)",1997,Children|Drama,7953635
Final Approach,2012,Sci-Fi|Thriller,250419505
Cashback,2003,Comedy|Drama,117131528
"Best Intentions, The (Den goda viljan)",1994,Drama|Romance,249196867
"Yearling, The",2001,Children|Drama,322069668
Men of Honor,1997,Drama,359005747
Holiday Wishes,2004,Children|Comedy|Drama,127954078
Charlotte's Web,1992,Children|Comedy|Drama|Fantasy,30451109
Batman & Robin,1999,Action|Adventure|Fantasy|Thriller,376863394
Project A ('A' gai waak),1998,Action|Comedy,444652610
Fishtales,1996,Children|Fantasy,440541538
Happy Tears,2009,Comedy|Drama,150471596
Trans,1992,Drama,89959941
Dust,2007,Drama|Western,86983214
Buried Alive II,1990,Horror|Thriller,223837362
Putty Hill,1999,Drama,55692285
Theremin: An Electronic Odyssey,1965,Documentary,107439801
Krrish,1995,Adventure|Musical|Romance|Sci-Fi,214018192
"Inconvenient Truth, An",1985,Documentary,210178476
Machete,1990,Action|Adventure|Comedy|Crime|Thriller,145165615
Stan Helsing,1995,Comedy|Horror,349909625
"Swinger, The",1996,Comedy,137164965
"39 Steps, The",2009,Drama|Mystery|Thriller,429208516
Elvis and Me,1963,Drama|Romance,115504935
"Boys: The Sherman Brothers' Story, The",2011,Documentary,282712334
Sixty Six,2012,Comedy|Drama,275237573
Pinky,1985,Drama,173582997
Violent Saturday,2002,Crime|Drama,89255659
Blood Games ,1995,Action|Thriller,376745964
Toward the Unknown,2004,Drama|Romance|War,284132717
Goddess (Devi),1997,Drama,339890745
Tinseltown,2008,Comedy|Crime|Drama,426598741
Slipstream,2012,Comedy|Drama|Fantasy|Mystery|Sci-Fi|Thriller,62351385
"Greatest Movie Ever Sold, The (POM Wonderful Presents: The Greatest Movie Ever Sold)",1994,Documentary,265409717
All the Way Home,1999,Drama,260513039
"Machinist, The (Maquinista, El)",2008,Mystery|Thriller,159271527
Shottas,1991,Action|Crime|Drama,286675892
Flipper,2006,Adventure|Children,80828114
Everybody Dies But Me,2011,Drama,385165292
"Uncle Marin, the Billionaire (Nea Marin miliardar) (Uncle Martin, the Multimillionaire)",1996,Comedy,441922000
Land,2012,Documentary,67663798
Films to Keep You Awake: The Baby's Room (Películas para no dormir: La habitación del niño),2005,Horror,49978769
Scourge,2001,Horror|Mystery|Sci-Fi,142719238
Last Ride,2012,Drama,394488280
Grayeagle,1990,Adventure|Drama|Romance|Western,225551380
Tales of Ordinary Madness (Storie di Ordinaria Follia),1985,Drama,404664147
It's in the Water,1998,Comedy,369443692
Mediterraneo,1992,Comedy|Drama,340362418
Don't Be Afraid of the Dark,1994,Horror|Thriller,336557692
Sisters,2009,Horror|Thriller,364315272
Gimme Shelter,2012,Drama,207784085
"OSS 117: Cairo, Nest of Spies (OSS 117: Le Caire nid d'espions)",1999,Adventure|Comedy|Crime,210153850
"River Wild, The",1993,Action|Thriller,137397870
Peepli Live,1992,Comedy|Drama,442335344
"Last Days of Disco, The",2006,Comedy|Drama,133856874
Sasori,2003,Action,129805801
Reparando,1993,Documentary,142731230
"Queen, The",2003,Drama,374368714
"Umbrellas of Cherbourg, The (Parapluies de Cherbourg, Les)",1987,Drama|Musical|Romance,153317849
Interstate 60,2006,Adventure|Comedy|Drama|Fantasy|Mystery|Sci-Fi|Thriller,249369174
Eaten Alive (Mangiati Vivi),2006,Adventure|Horror,221596133
My Week with Marilyn,1995,Drama,163221126
Rockabilly Vampire,2008,Comedy|Horror,123452155
Crazy as Hell,1996,Drama,448304581
Je m'appelle Elisabeth,2009,(no genres listed),239994597
"String, The (Le fil)",1994,Drama,441993224
Dadetown,1984,Drama,222512549
Helter Skelter,1993,Crime|Drama|Thriller,139618605
"Blood, Sweat + Vinyl: DIY in the 21st Century",1997,Documentary,10189757
CQ,2012,Drama,320348481
DarkBlueAlmostBlack (Azuloscurocasinegro),2002,Drama|Romance,112808555
Hated,2004,Documentary,387741786
Secrets of the Heart (Secretos del Corazón),1992,Drama,243906344
Belle,2003,Drama,250367899
Curse of the Oily Man (Sumpah orang minyak) ,1992,Drama|Fantasy|Thriller,356856164
Autumn Spring (Babí léto),2005,Comedy|Drama,344287006
Goliath Awaits,1985,Drama|Sci-Fi|War,76114161
Midnight in Paris,1984,Comedy|Fantasy|Romance,107319309
You're Not You,2004,Drama,293738267
Peg o' My Heart,2013,Drama|Romance,306362742
"Goodnight, Mister Tom",2011,Drama,65953690
My Son John,2005,Drama,176106986
Down to the Cellar (Do pivnice),2006,Adventure|Fantasy|Thriller,289269765
Barking Dogs Never Bite (Flandersui gae),2004,Comedy|Horror,394902189
In Vogue: The Editor?s Eye,2005,Documentary,45738504
Lupin the 3rd,1993,Action|Adventure|Comedy,335540746
Guts (Agallas),2003,Action|Crime,335492464
Turks & Caicos,2011,Drama|Mystery|Thriller,202879478
"Loved One, The",2001,Comedy,230793064
Jauja,2000,Drama|Western,15803915
Lore,1984,Drama|Thriller|War,20780585
Operation Pacific,2011,Drama|War,144253552
"Carry On, Constable",1999,Comedy,338581831
Nowhere Boy,2007,Drama,369399341
"Symphonie pastorale, La",2000,Drama,215789605
Zenith,1995,Sci-Fi|Thriller,38587116
ChromeSkull: Laid to Rest 2,2011,Horror,250725268
Big Girls Don't Cry (Große Mädchen weinen nicht),1984,Drama|Romance,202740359
"What's Up, Scarlet?",2003,Comedy|Romance,231074448
"Das Experiment (Experiment, The)",1999,Drama|Thriller,391744254
Arthur 2: On the Rocks,1997,Comedy|Romance,415783896
Anima Mundi,2002,Documentary,246572488
"Stranger, The",1997,Drama|Film-Noir|Thriller,100186096
Manslaughter (Drabet),2011,Drama,130984689
Shadowlands,2007,Drama|Romance,324747538
Heaven's Burning,2012,Action|Drama,402333604
"Susana (Devil and the Flesh, The)",1970,Drama|Romance,323165682
"Fireman, The",2006,Comedy,224187766
Eden,1996,Drama,73967699
"20,000 Years in Sing Sing",2009,Crime|Drama,333310230
Cremaster 3,1994,Drama,224612066
It Had to Be You,1992,Comedy|Romance,269416941
Enchanted April,2008,Drama|Romance,405039513
"Killer Meteors, The (Feng yu shuang liu xing)",1992,Action|Thriller,100753805
In Between Days,2004,Drama,73374730
Sacro GRA,1993,Documentary,257515576
Ginger and Fred (Ginger e Fred),2012,Comedy|Drama,353476588
Tyson,2003,Documentary,55864216
Numbskull Emptybrook (Uuno Turhapuro),2003,Comedy,227962559
Suture,2010,Film-Noir|Thriller,443205145
"Time Masters (Maîtres du temps, Les)",2013,Animation|Sci-Fi,346882507
Twister,2011,Comedy,105013248
Evidence,1992,Documentary,276848453
Chelsea Walls,2012,Drama,345882321
Dead Tired (Grosse Fatigue),2008,Comedy,46708715
"Revolution Will Not Be Televised, The (a.k.a. Chavez: Inside the Coup)",2000,Documentary,347830341
The Cave of the Golden Rose,2006,Adventure|Children|Fantasy,37691391
Blood Trails ,1988,Horror|Thriller,442182430
Run Lola Run (Lola rennt),2005,Action|Crime,4836137
My Friend Ivan Lapshin (Moy drug Ivan Lapshin),1998,Drama,388112695
Team America: World Police,1964,Action|Adventure|Animation|Comedy,258749359
Rain or Shine,2009,Comedy|Drama|Romance,331870151
First Monday in October,1966,Comedy|Drama,236990787
"Devil's Advocate, The",1995,Drama|Mystery|Thriller,186526104
"Descendants, The",2011,Comedy|Drama,449673699
Chasing Mavericks,2002,Drama,365430163
Train Ride to Hollywood,2009,Comedy|Fantasy|Musical,440712466
"Flight That Fought Back, The",1984,Drama,42719989
Slipstream,1998,Comedy|Drama|Fantasy|Mystery|Sci-Fi|Thriller,80811501
Sexual Predator,1973,Thriller,14923612
Dobermann,2004,Action|Crime,405603556
Dragon Ball Z: Wrath of the Dragon (Doragon bôru Z 13: Ryûken bakuhatsu!! Gokû ga yaraneba dare ga yaru),2004,Action|Adventure|Animation,104014362
Critical Condition,2012,Comedy,186246327
If a Man Answers,2012,Comedy,175031380
"Last Letter, The (La dernière lettre)",2007,Drama,155349978
Death Before Dishonor,2011,Action|Drama,168063941
Radio On,1972,Drama,57930176
"Wonderful World of the Brothers Grimm, The",2009,Adventure|Animation|Children|Comedy|Drama|Fantasy|Musical|Romance,123830781
Admiral,2011,Drama|War,86594844
Rejs,2009,Comedy,429691924
Man Made Monster,2001,Drama|Horror|Sci-Fi|Thriller,259088878
Chris Rock: Bigger & Blacker,1993,Comedy,260207049
"Line, The (La linea)",2005,Action|Crime|Drama|Thriller,210190428
Elle: A Modern Cinderella Tale,2006,Children|Drama|Fantasy|Sci-Fi,12131615
Fear of Flying,1992,Action|Thriller,277817573
If You Love (Jos rakastat),2009,Drama|Musical|Romance,64600047
Race,2004,Action|Comedy,245393646
The Feathered Serpent,1995,Comedy|Crime|Horror|Mystery|Thriller,387619272
Cheerleader Camp,2001,Comedy|Horror|Mystery,217327691
Wrong Is Right (a.k.a. The Man With the Deadly Lens),2009,Drama|Thriller,65061414
"Good Wife, The",2011,Drama,28984275
"Four Horsemen of the Apocalypse, The",2004,Drama|Romance|War,116093924
Chasing Ghosts: Beyond the Arcade ,2009,Documentary,6554737
Max Dugan Returns,1990,Comedy,336939189
Valley Girl,2011,Comedy|Romance,305709175
Madonna of the Seven Moons,1986,Drama|Mystery,310156859
3 Bad Men,1994,Western,40206199
"Crow, The: Wicked Prayer",1989,Action|Adventure|Fantasy|Thriller,440287052
Fire in the Sky,1993,Drama|Mystery|Sci-Fi,23018406
"Message from Akira Kurosawa: For Beautiful Movies, A (Kurosawa Akira kara no messêji: Utsukushii eiga o)",1991,Documentary,365481889
"Last Dragon, The",1965,Action|Comedy|Drama,450249945
"Talented Mr. Ripley, The",1995,Drama|Mystery|Thriller,116962393
Unexpected,1992,Comedy|Drama,389891232
King Lear,1999,Comedy|Drama|Sci-Fi,298992490
"Crossing, The",1985,Drama|War,314818206
"Greatest Love, The (Europa '51)",2011,Drama,303981287
Blue Denim,1990,Drama,344071649
"Enemy of the People, An",2004,Drama,182928847
Sweeney Todd,1995,Crime|Drama|Horror|Thriller,182203691
Gambling City,2010,Crime|Drama,47913586
Showrunners: The Art of Running a TV Show,1992,Documentary,55376123
Encino Man,2000,Comedy,235200453
Teenagers from Outer Space,1991,Horror|Sci-Fi,419309466
"Great Train Robbery, The (a.k.a. First Great Train Robbery, The)",2000,Action|Adventure|Comedy|Crime|Drama,149802799
Biutiful,1985,Drama,257499320
"You're a Good Man, Charlie Brown",1997,Animation|Comedy|Musical,74455822
"Code Conspiracy, The",1948,Action|Mystery|Thriller,76765418
Boy A,1967,Crime|Drama,65815119
Invincible,2010,Drama,199830780
Chillers,2008,Horror,73806935
"Island of Dr. Moreau, The",2010,Adventure|Fantasy|Horror|Romance|Sci-Fi|Thriller,363677851
The Last Diamond,1987,Drama,75602260
"Acid House, The",2009,Comedy|Drama,186649098
So Close (Chik Yeung Tin Sai),2011,Action|Comedy|Romance|Thriller,67752282
Dreamland,2011,Drama,169692661
"Aries Spears: Hollywood, Look I'm Smiling",1993,Comedy,324021615
"Horseman on the Roof, The (Hussard sur le toit, Le)",1992,Drama|Romance,287378199
Hori Smoku Sailor Jerry: The Life of Norman K. Collins ,2007,Documentary,449286786
Dangerous Moves (La diagonale du fou),2012,Drama|Thriller,233293855
"Intern, The",2004,Comedy,43128460
Detour,2006,Crime|Film-Noir,184382796
Alice in Wonderland,1993,Adventure|Animation|Children|Fantasy|Musical,41905045
Commune,1993,Documentary,226147044
Special Forces (Forces spéciales),2010,Action|Drama|War,370116980
Ringu (Ring),1984,Horror|Mystery|Thriller,141463936
"Snow Walker, The",2003,Adventure|Drama,307506633
"Other End of the Line, The",2012,Comedy|Romance,349278528
Zack and Miri Make a Porno,1992,Comedy|Drama|Romance,305029141
"Sea Gull, The",2007,Drama|Romance,357408850
"Fairy, The (La fée) ",1996,Comedy|Drama,133835619
Grown Ups 2,2011,Comedy,354209755
"Christmas Carol: The Musical, A (Christmas Carol, A)",2003,Drama|Fantasy|Musical,150299568
Not as a Stranger,1995,Drama,45910639
Sandra of a Thousand Delights (Vaghe stelle dell'Orsa...),1992,Drama,440117865
Flirtation Walk,2003,Musical|Romance,50143064
"Ballad of the Sad Cafe, The",2005,Drama,59723967
"Farewell, My Queen (Les adieux à la reine)",2010,Drama|Romance,363366276
"Atlantis, the Lost Continent",2004,Adventure|Sci-Fi,427017692
It's My Party,1996,Drama,312452825
Friends with Benefits,2006,Comedy|Romance,297122742
The Sinners of Hell,2007,Drama|Horror,241173518
Trois,2003,Thriller,435989995
"Clown and the Kid, The",2010,Drama,385418835
American Virgin,2004,Comedy,357509753
Tom and Huck,1996,Adventure|Children,52116919
Death Machine,2012,Action|Sci-Fi,330411103
"Ballad of Narayama, The (Narayama bushiko)",1987,Drama,246073948
Experimenter,1993,Drama,424435305
"Children of Glory (Szabadság, szerelem)",2001,Drama|Romance|War,139962708
Dead Silence,2001,Horror|Mystery|Thriller,253580330
Avenue Montaigne (Fauteuils d'orchestre),2010,Comedy|Drama|Romance,350397307
City Hall,1999,Drama|Thriller,36785094
Dogma,1995,Adventure|Comedy|Fantasy,453496733
"Hospital, The",1986,Comedy|Drama,3773632
Jupiter's Darling,2012,Comedy|Musical|Romance,31605431
Away with Words (San tiao ren),1996,(no genres listed),334731805
Anotherworld,2011,Drama|Romance,28003397
Ice Age 4: Continental Drift,2008,Adventure|Animation|Comedy,46452382
Speechless,2011,Comedy|Romance,264915377
Spartan,2006,Thriller,305638439
Bernice Bobs Her Hair,1992,Comedy|Drama,66808218
Happiness (Schastye),2006,Comedy|Drama,43180828
Airbag,1997,Action|Comedy|Crime|Thriller,325788168
Funny Ha Ha,2004,Comedy|Drama,234453930
American Grindhouse,2009,Documentary,416484408
In the Mirror of Maya Deren (Im Spiegel der Maya Deren),2009,Documentary,68240576
Floating,2003,Drama,176793490
That Obscure Object of Desire (Cet obscur objet du désir),2003,Drama,131649639
Two-Lane Blacktop,1992,Drama,17861187
Mystery on Monster Island,2002,Adventure|Comedy,247276937
Starsky & Hutch,1990,Action|Comedy|Crime|Thriller,55826062
"Town is Quiet, The (Ville est tranquille, La)",1995,Drama,273333000
"X-Files: Fight the Future, The",1993,Action|Crime|Mystery|Sci-Fi|Thriller,135474612
Alaska: Silence & Solitude,2006,Documentary,61280691
Highlander: The Source,2012,Action|Adventure|Fantasy|Sci-Fi,212460071
Here be Dragons,1999,Documentary,201649766
"Eversmile, New Jersey",2013,Comedy|Drama|Romance,166600501
Notes on a Scandal,2004,Drama,405187497
Track 29,1993,Drama|Mystery,160443546
Images of the World and the Inscription of War (Bilder der Welt und Inschrift des Krieges),2007,Documentary|War,300655112
Tell Them Anything You Want: A Portrait of Maurice Sendak,2009,Documentary,110065424
Indiana Jones and the Last Crusade,1993,Action|Adventure,396205084
"Man Called Adam, A",2012,Drama,320181017
Margaret,1995,Drama,144583186
Faith Like Potatoes,1999,Drama,100943411
Worlds Apart (To verdener),1988,Drama,243192793
"Grand Seduction, The",1993,Comedy,60790104
Third World Cop,1994,Action,258257787
I Saw the Devil (Akmareul boatda),2008,Crime|Thriller,226984024
Crime After Crime,2006,Documentary,298111502
I'm with Lucy,1996,Comedy|Romance,206165185
The Cabin in the Cotton,1991,Drama,146330707
Perfect Stranger,2012,Crime|Drama|Mystery|Thriller,262748933
Square Dance,2006,Drama|Romance,98525543
Mr. Turner,1999,Drama,62578095
Coma,2002,Thriller,367984745
"War Zone, The",2001,Drama|Thriller,367474888
Girls Gone Dead,1984,Comedy|Horror,237347981
"Disappearance of Haruhi Suzumiya, The (Suzumiya Haruhi no shôshitsu)",2006,Adventure|Animation|Drama|Mystery|Sci-Fi,21975734
Written on the Wind,2010,Drama,24234351
Ace of Hearts,1999,Children|Drama,384211886
Cube 2: Hypercube,2007,Horror|Mystery|Sci-Fi,183808213
I'll Sleep When I'm Dead,1992,Crime|Drama,400722283
The Hire: Ticker,2004,Action|Adventure,381868679
"Ramen Girl, The",2002,Comedy|Drama|Romance,125572703
Losing Chase,1962,Drama,369737149
Extremely Loud and Incredibly Close,1999,Drama,120823894
Variety (Varieté),2001,Crime|Drama|Romance,363738848
Double Trouble,1996,Musical,297132926
15,1996,Action|Drama,186175645
Wag the Dog,1992,Comedy,318093021
Visiting Hours,2004,Horror,15202801
Thank Your Lucky Stars,1986,Comedy|Musical,433070732
Pippi in the South Seas (Pippi Långstrump på de sju haven),2010,Adventure|Children,206925078
"Bad News Bears in Breaking Training, The",1997,Comedy,168940568
I Love You Too (Ik ook Van Jou),1992,Drama|Romance,36014217
"Cat and the Canary, The",1990,Comedy|Horror|Mystery,133049648
Johnny Cash at Folsom Prison,2002,Documentary,38581098
"Easy Riders, Raging Bulls: How the Sex, Drugs and Rock 'N' Roll Generation Saved Hollywood",1995,Documentary,16909040
Domino,2001,Crime|Drama|Thriller,371610402
Last Holiday,2006,Comedy,122346607
Track 29,2000,Drama|Mystery,418286510
"Where Angels Go, Trouble Follows",1997,Comedy,249318393
Flower Drum Song,1995,Comedy|Musical|Romance,341091484
Greed,2003,Drama,435860107
At Middleton,2011,Comedy|Romance,372458360
Professor Layton and the Eternal Diva (Eiga Reiton-kyôju to eien no utahime),2009,Action|Adventure|Animation|Mystery|Sci-Fi,222419698
"Heirloom, The (Zhai Ban)",2002,Drama|Horror,260469108
"Merry Gentleman, The",2002,Drama,68557711
Vixen!,1999,Drama,73601232
Goal! III,2008,Drama|Romance,70848845
Middle Men,2006,Comedy|Crime|Drama,86458126
Dr. Otto and the Riddle of the Gloom Beam,1964,Comedy,158553271
My Science Project,2007,Adventure|Sci-Fi,278308596
In the Bleak Midwinter,1979,Comedy|Drama,67425212
From Beyond the Grave (Creatures),2002,Horror,218891327
Beauty in Trouble (Kráska v nesnázích),1989,Drama,122991023
"Blood of the Beasts (Sang des bêtes, Le)",2010,Documentary|Drama,29945517
"Lust, Caution (Se, jie)",1992,Drama|Romance|Thriller|War,145874130
Walking Tall,2000,Action,174613746
Jim Carrey: Unnatural Act,2003,Comedy|Documentary,153659966
Trainer on the Beach 2,1984,Comedy,166329637
Mother Lode,2003,Adventure,364190904
Ishq,1996,Action|Comedy|Drama|Musical|Romance,346641374
Year of the Comet,2010,Action|Adventure|Comedy|Romance,350374356
DiG!,1991,Documentary,412920703
Museum Hours,1987,Drama,90303932
Crackers,2011,Action|Comedy|Crime|Thriller,333186415
"Fifth Cord, The (Giornata nera per l'ariete)",2000,Mystery|Thriller,432028838
My Chauffeur,2009,Comedy,97873355
Deadline,1992,Mystery|Thriller,271626283
My Wrongs 8245-8249 and 117,2011,Comedy|Drama,311217596
Jet Pilot,1994,Drama,198455203
Our Vines Have Tender Grapes,1993,Drama,347765759
Grace,2002,Horror|Thriller,411861408
Dr. Strangelove or: How I Learned to Stop Worrying and Love the Bomb,2002,Comedy|War,128226650
Black Rain,1998,Action|Crime|Drama,330341479
Shine a Light,2007,Documentary|Musical|IMAX,438384572
"Blue Max, The",2013,Adventure|Drama|War,90741829
Up the Sandbox,1999,Comedy,82130659
Wildflowers,2011,Drama,309839694
Welcome to Australia,2002,Documentary,155368369
Citizen Koch,2012,Documentary,66714008
Wallace & Gromit: A Close Shave,1985,Animation|Children|Comedy,231147222
My Forbidden Past,1992,Drama,269812025
"Rite, The",2011,Drama|Horror|Thriller,32188064
First Target,1995,Action,407108535
Flower Drum Song,2003,Comedy|Musical|Romance,286555136
"Monkey's Tale, A (Château des singes, Le)",2010,Animation|Children,305649501
Captain January,1999,Drama,285198205
Venus and Serena,1999,Documentary,253476304
Free the Nipple,1998,Comedy|Drama,303213349
Messages Deleted,1996,Mystery|Thriller,375204328
Dark Habits (Entre tinieblas),1997,Comedy|Drama,39875758
Suddenly,1996,Crime|Drama|Film-Noir,362478686
Mirrors 2,2005,Horror|Mystery|Thriller,132987559
"Far Horizons, The",1999,Western,396760623
Return to Peyton Place,2006,Drama,257239719
"Duchess of Langeais, The (a.k.a. Don't Touch the Axe) (Ne touchez pas la hache)",2010,Drama|Romance,399983687
The Story of Asya Klyachina,2005,Drama|Romance,173724706
"Fighter, The",2009,Drama,235231237
"Man in the Moon, The",2003,Drama|Romance,98678815
Absolon,2004,Action|Sci-Fi|Thriller,376549331
"Asthenic Syndrome, The (Astenicheskiy sindrom)",1984,Drama,399893369
Nevada Smith,1997,Western,260105991
Luck by Chance,2008,Drama,283814839
Hitler's Madman,2005,Drama|War,259168598
Bird of Paradise,2004,Adventure|Drama|Romance,343870700
Westworld,1990,Action|Sci-Fi|Thriller|Western,8905581
Viva Zapata!,1997,Western,364094674
"Day After Tomorrow, The",2003,Action|Adventure|Drama|Sci-Fi|Thriller,113929501
"Stepford Wives, The",1987,Mystery|Sci-Fi|Thriller,416508145
Meet Monica Velour,2008,Comedy|Drama|Romance,151899495
Field of Dreams,2006,Children|Drama|Fantasy,166575875
"Cosmonaut, The",2012,Drama|Sci-Fi,402721766
Madonna: Truth or Dare,1995,Documentary|Musical,184128944
Unmade Beds,2006,Comedy|Drama,393263026
Song of the Thin Man,1993,Comedy|Crime|Drama|Musical|Mystery|Romance,315631822
Across the Pacific,1994,Action|Adventure|Romance|War,226386080
The Madagascar Penguins in a Christmas Caper,1993,Animation|Comedy,379850152
Ernest Goes to Camp,2000,Comedy,77743471
In the Cut,1991,Crime|Drama|Mystery|Romance|Thriller,290084953
Miranda,1993,Comedy|Fantasy|Romance,347700866
Gabriel,2008,Action|Horror,274809887
Breaking Point,2007,Action|Crime|Drama|Thriller,91445712
To Die Like a Man (Morrer Como Um Homem),1991,Drama|Fantasy|Musical,234065640
"Oh, Sun (Soleil O)",1997,Drama,331008969
Effi Briest (Fontane - Effi Briest),2003,Drama,353230063
Earth,2011,Drama|War,301313208
Lone Wolf and Cub: White Heaven in Hell (Kozure ôkami: Jigoku e ikuzo! Daigorô),2008,Action|Drama|Fantasy,229868147
Sword of the Stranger (Sutorejia: Mukô hadan),2004,Action|Adventure|Animation,193865791
Baby Take a Bow,2009,Children|Comedy|Drama,183338569
China O'Brien,2010,Action,105707636
Ben-Hur,2008,Action|Adventure|Drama,260663704
1969,2002,Drama|War,194256898
"Queen of Spades, The",2001,Drama|Horror,225882383
Beginning of an Unknown Era (Nachalo nevedomogo veka),2006,Drama,299445107
Street Fighter: The Legend of Chun-Li,2010,Action|Adventure|Sci-Fi|Thriller,174862826
"Dark Side of the Heart, The (Lado oscuro del corazón, El)",2004,Comedy|Drama|Romance,37688423
Separate Lies,2007,Drama|Romance|Thriller,449904798
Friends with Money,2001,Comedy|Drama|Romance,300939354
Dead Presidents,1997,Action|Crime|Drama,418606929
The Prisoner,2004,Drama,396380508
Thrashin',2011,Action|Drama,65296698
Green Lantern: Emerald Knights,1997,Action|Adventure|Animation|Children,125776979
10 Items or Less,2001,Comedy|Drama|Romance,267678588
Prime Cut,2005,Action|Crime|Drama,270004568
The Violent Enemy,1992,Crime|Drama,134823509
Ricky Gervais Live 2: Politics,1985,Comedy,112961328
"Story of a Cheat, The (Roman d'un tricheur, Le)",1992,Comedy,255426289
"Land Before Time, The",1985,Adventure|Animation|Children|Fantasy,191619563
Young Einstein,1955,Comedy,84055085
Extraterrestrial,2005,Horror|Sci-Fi,352975027
"Goodnight, Mister Tom",1993,Drama,367538405
"Passion of Darkly Noon, The",2001,Drama|Mystery|Thriller,204803901
Tom and Huck,1987,Adventure|Children,215763543
Brothers of the Head,2008,Drama,413010388
Shrooms,1996,Horror|Thriller,405283654
Planet Hulk,1966,Animation|Sci-Fi,194443701
"War Comes to America (Why We Fight, 7)",2005,Documentary|War,139183828
Far from Home,2012,Thriller,190245041
Goldengirl,1994,(no genres listed),229074485
September,2008,Drama,116501327
"King of Escape, The (Le roi de l'évasion)",2005,Adventure|Comedy,409010073
Ichi,2006,Action,410806874
Winter Solstice,2007,Drama,251036395
Cop,2006,Thriller,34132636
All Quiet on the Western Front,1993,Action|Drama|War,32613068
Rocky II,1996,Action|Drama,291150012
Gulliver's Travels,2010,Adventure|Comedy|Fantasy,91950756
"Taste of Honey, A",2000,Drama,389503394
Starlet,1999,Drama,437660909
Anchorman 2: The Legend Continues,1993,Comedy,387413904
Hot Shots! Part Deux,1987,Action|Comedy|War,332927659
"Shawshank Redemption, The",2007,Crime|Drama,393507668
Pardes,2003,Action|Comedy|Musical|Romance,34456010
Jerry Maguire,1992,Drama|Romance,332649549
Extreme Justice,1998,Action|Thriller,424042403
"Yellow Sea, The (a.k.a. The Murderer) (Hwanghae)",1993,Crime|Drama|Thriller,376178118
Stockholm Stories,2010,Drama,259865996
Bend It Like Beckham,2012,Comedy|Drama|Romance,157231190
"Little Princess, A",1997,Children|Drama,121307660
Seinto Seiya: Legend of Sanctuary (Seinto Seiya: Legend of Sanctuary),2003,Animation,113056485
Super Size Me,1995,Comedy|Documentary|Drama,251525528
Night Court,2009,Crime|Film-Noir|Thriller,81648973
Escanaba in da Moonlight,1985,Comedy,386591429
"Batman/Superman Movie, The",2012,Action|Adventure|Animation|Children|Fantasy|Sci-Fi,390085681
"Zorro, the Gay Blade",2000,Comedy,410366644
Getting to Know You,2000,Comedy|Drama,160980460
La Rabbia,2012,Documentary,172907335
Spy(ies) (Espion(s)),2007,Drama|Romance|Thriller,114002577
Jekyll & Hyde,2013,Horror,15127031
Belphecor: Curse of the Mummy (Belphégor - Le fantôme du Louvre),2010,Fantasy|Horror|Mystery,96446376
Death of a Salesman,1990,Drama,48188985
"Organization, The",2012,Crime|Drama|Thriller,437159699
"River, The",2007,Drama,27429486
"Sexo, Amor e Traição",1992,Comedy,61285785
Upswing (Nousukausi),2011,Comedy|Drama,351916606
Broken Arrow,1997,Drama|Romance|Western,367177711
Dark Star,2003,Comedy|Sci-Fi|Thriller,79146178
"Brothers, The",1996,Comedy|Drama,132329622
Calling Dr. Death,2008,Mystery,185672076
Tarzan's Magic Fountain,1998,Action|Adventure|Fantasy|Romance,344627149
Our Daily Bread,1993,Drama|Romance,380453509
Night Ambush (Ill Met by Moonlight),2003,Action|Adventure|Drama|War,203012208
Kill Bill: Vol. 1,2007,Action|Crime|Thriller,224610443
Moonlight Mile,1999,Drama|Romance,402693418
Cold Mountain,2011,Drama|Romance|War,102327519
Eila,1999,Drama,353405925
Love Life,2002,Comedy|Romance,35648548
Helvetica,1982,Documentary,341474656
"Murder, Inc.",2005,Crime|Drama,84522698
Johnny Suede,1989,Comedy|Musical|Romance,359140367
"Big Clock, The",1994,Crime|Film-Noir|Thriller,40744395
Phone (Pon),1990,Drama|Horror|Mystery|Sci-Fi|Thriller,79647585
"Idiots, The (Idioterne)",1999,Comedy|Drama,118805124
Threesome,2011,Comedy|Romance,150541334
"Europeans, The",2006,Drama|Romance,69668147
"Blood, Sweat + Vinyl: DIY in the 21st Century",2005,Documentary,140869974
"War Within, The",1994,Drama,202043515
Hail Columbia!,2010,Documentary|IMAX,90852333
Neighbors,1993,Comedy,198388679
Cake,2006,Comedy|Romance,330826256
'Salem's Lot,1996,Drama|Horror|Mystery|Thriller,320068434
Spy Kids 3-D: Game Over,2009,Action|Adventure|Children,230505179
Good Will Hunting,2003,Drama|Romance,252423561
Prime Suspect,2006,Crime|Drama|Mystery|Thriller,131233119
Masterminds,2006,Action|Comedy|Thriller,399029512
"Pancho, the Millionaire Dog",1993,Children|Comedy,346787936
Agnes of God,2005,Drama|Mystery,90580535
Never Say... Never! (Il ne faut jurer... de rien!),2000,Comedy,90353964
"Wolf of Wall Street, The",1985,Comedy|Crime|Drama,51810101
Holy Matrimony,1990,Comedy|Crime,297213792
A Man Called Magnum,1992,Action|Crime,378116319
"Santa Clause 2, The",1996,Children|Comedy|Fantasy|Romance,12303373
Generation Um...,2006,Drama,77360673
You Ain't Seen Nothin' Yet (Vous n'avez encore rien vu),2009,Drama,395287306
Snitch,2003,Action|Drama|Thriller,122640411
Journey for Margaret,2000,Drama|War,94281862
